{
  "homebrew_version": "3.3.9-103-ga0ae4a7",
  "used_options": [

  ],
  "unused_options": [

  ],
  "built_as_bottle": true,
  "poured_from_bottle": true,
  "installed_as_dependency": false,
  "installed_on_request": true,
  "changed_files": [
    "lib/pkgconfig/libavcodec.pc",
    "lib/pkgconfig/libavdevice.pc",
    "lib/pkgconfig/libavfilter.pc",
    "lib/pkgconfig/libavformat.pc",
    "lib/pkgconfig/libavresample.pc",
    "lib/pkgconfig/libavutil.pc",
    "lib/pkgconfig/libpostproc.pc",
    "lib/pkgconfig/libswresample.pc",
    "lib/pkgconfig/libswscale.pc",
    "share/man/man1/ffmpeg-all.1",
    "share/man/man1/ffmpeg-filters.1",
    "share/man/man1/ffplay-all.1",
    "share/man/man1/ffprobe-all.1"
  ],
  "time": 1643258020,
  "source_modified_time": 1635108431,
  "compiler": "clang",
  "aliases": [
    "ffmpeg@4"
  ],
  "runtime_dependencies": [
    {
      "full_name": "brotli",
      "version": "1.0.9",
      "declared_directly": false
    },
    {
      "full_name": "giflib",
      "version": "5.2.1",
      "declared_directly": false
    },
    {
      "full_name": "imath",
      "version": "3.1.4",
      "declared_directly": false
    },
    {
      "full_name": "jpeg",
      "version": "9e",
      "declared_directly": false
    },
    {
      "full_name": "libpng",
      "version": "1.6.37",
      "declared_directly": false
    },
    {
      "full_name": "openexr",
      "version": "3.1.3",
      "declared_directly": false
    },
    {
      "full_name": "libtiff",
      "version": "4.3.0",
      "declared_directly": false
    },
    {
      "full_name": "webp",
      "version": "1.2.2",
      "declared_directly": true
    },
    {
      "full_name": "jpeg-xl",
      "version": "0.6.1",
      "declared_directly": false
    },
    {
      "full_name": "libvmaf",
      "version": "2.3.0",
      "declared_directly": true
    },
    {
      "full_name": "aom",
      "version": "3.2.0",
      "declared_directly": true
    },
    {
      "full_name": "dav1d",
      "version": "0.9.2",
      "declared_directly": true
    },
    {
      "full_name": "freetype",
      "version": "2.11.1",
      "declared_directly": true
    },
    {
      "full_name": "fontconfig",
      "version": "2.13.1",
      "declared_directly": true
    },
    {
      "full_name": "frei0r",
      "version": "1.7.0",
      "declared_directly": true
    },
    {
      "full_name": "ca-certificates",
      "version": "2021-10-26",
      "declared_directly": false
    },
    {
      "full_name": "gmp",
      "version": "6.2.1",
      "declared_directly": false
    },
    {
      "full_name": "bdw-gc",
      "version": "8.0.6",
      "declared_directly": false
    },
    {
      "full_name": "libffi",
      "version": "3.4.2",
      "declared_directly": false
    },
    {
      "full_name": "m4",
      "version": "1.4.19",
      "declared_directly": false
    },
    {
      "full_name": "libtool",
      "version": "2.4.6",
      "declared_directly": false
    },
    {
      "full_name": "libunistring",
      "version": "1.0",
      "declared_directly": false
    },
    {
      "full_name": "pkg-config",
      "version": "0.29.2",
      "declared_directly": false
    },
    {
      "full_name": "readline",
      "version": "8.1.2",
      "declared_directly": false
    },
    {
      "full_name": "guile",
      "version": "3.0.7",
      "declared_directly": false
    },
    {
      "full_name": "gettext",
      "version": "0.21",
      "declared_directly": false
    },
    {
      "full_name": "libidn2",
      "version": "2.3.2",
      "declared_directly": false
    },
    {
      "full_name": "libtasn1",
      "version": "4.18.0",
      "declared_directly": false
    },
    {
      "full_name": "nettle",
      "version": "3.7.3",
      "declared_directly": false
    },
    {
      "full_name": "p11-kit",
      "version": "0.24.1",
      "declared_directly": false
    },
    {
      "full_name": "openssl@1.1",
      "version": "1.1.1m",
      "declared_directly": false
    },
    {
      "full_name": "libevent",
      "version": "2.1.12",
      "declared_directly": false
    },
    {
      "full_name": "libnghttp2",
      "version": "1.46.0",
      "declared_directly": false
    },
    {
      "full_name": "unbound",
      "version": "1.13.2",
      "declared_directly": false
    },
    {
      "full_name": "gnutls",
      "version": "3.6.16",
      "declared_directly": true
    },
    {
      "full_name": "lame",
      "version": "3.100",
      "declared_directly": true
    },
    {
      "full_name": "fribidi",
      "version": "1.0.11",
      "declared_directly": false
    },
    {
      "full_name": "pcre",
      "version": "8.45",
      "declared_directly": false
    },
    {
      "full_name": "gdbm",
      "version": "1.22",
      "declared_directly": false
    },
    {
      "full_name": "mpdecimal",
      "version": "2.5.1",
      "declared_directly": false
    },
    {
      "full_name": "sqlite",
      "version": "3.37.2",
      "declared_directly": false
    },
    {
      "full_name": "xz",
      "version": "5.2.5",
      "declared_directly": true
    },
    {
      "full_name": "python@3.9",
      "version": "3.9.10",
      "declared_directly": false
    },
    {
      "full_name": "glib",
      "version": "2.70.2",
      "declared_directly": false
    },
    {
      "full_name": "libpthread-stubs",
      "version": "0.4",
      "declared_directly": false
    },
    {
      "full_name": "xorgproto",
      "version": "2021.5",
      "declared_directly": false
    },
    {
      "full_name": "libxau",
      "version": "1.0.9",
      "declared_directly": false
    },
    {
      "full_name": "libxdmcp",
      "version": "1.1.3",
      "declared_directly": false
    },
    {
      "full_name": "libxcb",
      "version": "1.14",
      "declared_directly": false
    },
    {
      "full_name": "libx11",
      "version": "1.7.3.1",
      "declared_directly": false
    },
    {
      "full_name": "libxext",
      "version": "1.3.4",
      "declared_directly": false
    },
    {
      "full_name": "libxrender",
      "version": "0.9.10",
      "declared_directly": false
    },
    {
      "full_name": "lzo",
      "version": "2.10",
      "declared_directly": false
    },
    {
      "full_name": "pixman",
      "version": "0.40.0",
      "declared_directly": false
    },
    {
      "full_name": "cairo",
      "version": "1.16.0",
      "declared_directly": false
    },
    {
      "full_name": "gobject-introspection",
      "version": "1.70.0",
      "declared_directly": false
    },
    {
      "full_name": "graphite2",
      "version": "1.3.14",
      "declared_directly": false
    },
    {
      "full_name": "icu4c",
      "version": "69.1",
      "declared_directly": false
    },
    {
      "full_name": "harfbuzz",
      "version": "3.2.0",
      "declared_directly": false
    },
    {
      "full_name": "libass",
      "version": "0.15.2",
      "declared_directly": true
    },
    {
      "full_name": "libbluray",
      "version": "1.3.0",
      "declared_directly": true
    },
    {
      "full_name": "cjson",
      "version": "1.7.15",
      "declared_directly": false
    },
    {
      "full_name": "cmocka",
      "version": "1.1.5",
      "declared_directly": false
    },
    {
      "full_name": "mbedtls",
      "version": "3.1.0",
      "declared_directly": false
    },
    {
      "full_name": "librist",
      "version": "0.2.6",
      "declared_directly": true
    },
    {
      "full_name": "libsoxr",
      "version": "0.1.3",
      "declared_directly": true
    },
    {
      "full_name": "libvidstab",
      "version": "1.1.0",
      "declared_directly": true
    },
    {
      "full_name": "libogg",
      "version": "1.3.5",
      "declared_directly": false
    },
    {
      "full_name": "libvorbis",
      "version": "1.3.7",
      "declared_directly": true
    },
    {
      "full_name": "libvpx",
      "version": "1.11.0",
      "declared_directly": true
    },
    {
      "full_name": "opencore-amr",
      "version": "0.1.5",
      "declared_directly": true
    },
    {
      "full_name": "little-cms2",
      "version": "2.12",
      "declared_directly": false
    },
    {
      "full_name": "openjpeg",
      "version": "2.4.0",
      "declared_directly": true
    },
    {
      "full_name": "opus",
      "version": "1.3.1",
      "declared_directly": true
    },
    {
      "full_name": "rav1e",
      "version": "0.5.1",
      "declared_directly": true
    },
    {
      "full_name": "flac",
      "version": "1.3.3",
      "declared_directly": false
    },
    {
      "full_name": "libsndfile",
      "version": "1.0.31",
      "declared_directly": false
    },
    {
      "full_name": "libsamplerate",
      "version": "0.1.9",
      "declared_directly": false
    },
    {
      "full_name": "rubberband",
      "version": "2.0.2",
      "declared_directly": true
    },
    {
      "full_name": "sdl2",
      "version": "2.0.20",
      "declared_directly": true
    },
    {
      "full_name": "snappy",
      "version": "1.1.9",
      "declared_directly": true
    },
    {
      "full_name": "speex",
      "version": "1.2.0",
      "declared_directly": true
    },
    {
      "full_name": "srt",
      "version": "1.4.4",
      "declared_directly": true
    },
    {
      "full_name": "leptonica",
      "version": "1.82.0",
      "declared_directly": false
    },
    {
      "full_name": "libb2",
      "version": "0.98.1",
      "declared_directly": false
    },
    {
      "full_name": "lz4",
      "version": "1.9.3",
      "declared_directly": false
    },
    {
      "full_name": "zstd",
      "version": "1.5.2",
      "declared_directly": false
    },
    {
      "full_name": "libarchive",
      "version": "3.5.2",
      "declared_directly": false
    },
    {
      "full_name": "tesseract",
      "version": "5.0.1",
      "declared_directly": true
    },
    {
      "full_name": "theora",
      "version": "1.1.1",
      "declared_directly": true
    },
    {
      "full_name": "x264",
      "version": "r3060",
      "declared_directly": true
    },
    {
      "full_name": "x265",
      "version": "3.5",
      "declared_directly": true
    },
    {
      "full_name": "xvid",
      "version": "1.3.7",
      "declared_directly": true
    },
    {
      "full_name": "libsodium",
      "version": "1.0.18",
      "declared_directly": false
    },
    {
      "full_name": "zeromq",
      "version": "4.3.4",
      "declared_directly": true
    },
    {
      "full_name": "zimg",
      "version": "3.0.3",
      "declared_directly": true
    }
  ],
  "source": {
    "spec": "stable",
    "versions": {
      "stable": "4.4.1",
      "head": null,
      "version_scheme": 0
    },
    "path": "/usr/local/Homebrew/Library/Taps/homebrew/homebrew-core/Formula/ffmpeg.rb",
    "tap_git_head": "732a9e12bca0d491c9c6ce50ae3adcb6e81654fd",
    "tap": "homebrew/core"
  },
  "arch": "x86_64",
  "built_on": {
    "os": "Macintosh",
    "os_version": "macOS 11.6",
    "cpu_family": "penryn",
    "xcode": "13.1",
    "clt": "13.1.0.0.1.1633545042",
    "preferred_perl": "5.30"
  }
}